vary_factor,logrank_p_reject,wlr_fh00_p_reject,wlr_fh01_p_reject,wlr_fh11_p_reject,wlr_fh10_p_reject,maxcombo_p_reject,cox_p_reject,rmst6_p_reject,rmst12_p_reject,cox_hr_bias,cox_hr_mse,rmst6_bias,rmst6_mse,rmst12_bias,rmst12_mse,mile6_bias,mile12_bias,replications,n_total,lambda0,cens_prop,prev,hr_overall,rel,hr_pos,hr_neg,true_hr_mix,true_rmst6,true_rmst12,true_mile6,true_mile12,scenario_id
prev,0.65,0.65,0.53,0.55,0.49,0.5,0.65,0.21,0.29,0.0044755061753063,0.0055268419875425,0.0051839558969077,0.0214223861210881,-0.0228229050703221,0.124166497473982,-0.0012193201069339,-0.0035246043537216,200,500,0.0577622650466621,0.1,0.1,0.8,0.8,0.64,0.817777777777778,0.8,0.169664008571582,0.556953118934194,0.0508831226174672,0.0747549036178605,473
prev,0.67,0.67,0.585,0.57,0.575,0.565,0.665,0.23,0.335,-0.0019817478508521,0.0068672826248305,0.0006337658672264,0.0233754353413613,-0.0056674465351629,0.138634441372771,0.000405938142241,-0.0033781535558072,200,500,0.0577622650466621,0.1,0.3,0.8,0.8,0.64,0.868571428571429,0.8,0.170463136776407,0.56220242569845,0.0512562321203144,0.0758961212048063,485
prev,0.75,0.75,0.7,0.65,0.565,0.605,0.75,0.22,0.335,-0.0170397098087621,0.0051101945661263,-0.0102524840794367,0.0209072243732326,-0.0247734438831021,0.119154925510979,-0.0017156005797633,-0.0020646235891033,200,500,0.0577622650466621,0.1,0.5,0.8,0.8,0.64,0.96,0.8,0.171884305567192,0.571430437838194,0.0519169696122203,0.0778849310547427,497
