vary_factor,logrank_p_reject,wlr_fh00_p_reject,wlr_fh01_p_reject,wlr_fh11_p_reject,wlr_fh10_p_reject,maxcombo_p_reject,cox_p_reject,rmst6_p_reject,rmst12_p_reject,cox_hr_bias,cox_hr_mse,rmst6_bias,rmst6_mse,rmst12_bias,rmst12_mse,mile6_bias,mile12_bias,replications,n_total,lambda0,cens_prop,prev,hr_overall,rel,hr_pos,hr_neg,true_hr_mix,true_rmst6,true_rmst12,true_mile6,true_mile12,scenario_id
rel,0.72,0.72,0.64,0.675,0.555,0.615,0.72,0.21,0.36,-0.0149972645519437,0.0069198446862315,-0.0033393599039736,0.0236819942724536,0.0007265985197218,0.144319322222924,0.000611774199857,0.0019917421168404,200,500,0.0577622650466621,0.1,0.3,0.8,0.7,0.56,0.902857142857143,0.8,0.171823475688715,0.571217135473749,0.0518933552786658,0.0778691993897089,484
rel,0.67,0.67,0.585,0.57,0.575,0.565,0.665,0.23,0.335,-0.0019817478508521,0.0068672826248305,0.0006337658672264,0.0233754353413613,-0.0056674465351629,0.138634441372771,0.000405938142241,-0.0033781535558072,200,500,0.0577622650466621,0.1,0.3,0.8,0.8,0.64,0.868571428571429,0.8,0.170463136776407,0.56220242569845,0.0512562321203144,0.0758961212048063,485
rel,0.655,0.655,0.495,0.62,0.57,0.505,0.655,0.25,0.37,0.0028454353760223,0.0063403817800459,0.0016954474789034,0.0225783547634722,0.00664300619241,0.131132984175452,-2.49133887029035e-05,0.000250009119551,200,500,0.0577622650466621,0.1,0.3,0.8,0.9,0.72,0.834285714285714,0.8,0.169651722968895,0.556857597401573,0.0508770069604235,0.0747316913489779,486
