vary_factor,logrank_p_reject,wlr_fh00_p_reject,wlr_fh01_p_reject,wlr_fh11_p_reject,wlr_fh10_p_reject,maxcombo_p_reject,cox_p_reject,rmst6_p_reject,rmst12_p_reject,cox_hr_bias,cox_hr_mse,rmst6_bias,rmst6_mse,rmst12_bias,rmst12_mse,mile6_bias,mile12_bias,replications,n_total,lambda0,cens_prop,prev,hr_overall,rel,hr_pos,hr_neg,true_hr_mix,true_rmst6,true_rmst12,true_mile6,true_mile12,scenario_id
lambda0,0.64,0.64,0.585,0.585,0.545,0.54,0.64,0.105,0.18,-0.001256979358037,0.0062877437415811,-0.0012436719275841,0.0096544310614502,-0.0042031905148944,0.0719834559470569,-0.0012827656313732,-0.0016902886184084,200,500,0.0192540883488874,0.1,0.3,0.8,0.8,0.64,0.868571428571429,0.8,0.0648301415778629,0.242696858055023,0.0208907557883459,0.0377825312969705,377
lambda0,0.67,0.67,0.585,0.57,0.575,0.565,0.665,0.23,0.335,-0.0019817478508521,0.0068672826248305,0.0006337658672264,0.0233754353413613,-0.0056674465351629,0.138634441372771,0.000405938142241,-0.0033781535558072,200,500,0.0577622650466621,0.1,0.3,0.8,0.8,0.64,0.868571428571429,0.8,0.170463136776407,0.56220242569845,0.0512562321203144,0.0758961212048063,485
lambda0,0.71,0.71,0.615,0.62,0.575,0.61,0.71,0.38,0.55,-0.0074536190529295,0.0059904111065213,0.0074930567135352,0.0307103002035571,0.0031673791269243,0.149169617574508,0.0004216335815421,-0.0021376320595783,200,500,0.115524530093324,0.1,0.3,0.8,0.8,0.64,0.868571428571429,0.8,0.281101212849225,0.77814899716078,0.0758961212048063,0.0835128516154212,593
