vary_factor,logrank_p_reject,wlr_fh00_p_reject,wlr_fh01_p_reject,wlr_fh11_p_reject,wlr_fh10_p_reject,maxcombo_p_reject,cox_p_reject,rmst6_p_reject,rmst12_p_reject,cox_hr_bias,cox_hr_mse,rmst6_bias,rmst6_mse,rmst12_bias,rmst12_mse,mile6_bias,mile12_bias,replications,n_total,lambda0,cens_prop,prev,hr_overall,rel,hr_pos,hr_neg,true_hr_mix,true_rmst6,true_rmst12,true_mile6,true_mile12,scenario_id
n_total,0.545,0.545,0.42,0.495,0.415,0.45,0.545,0.13,0.215,-0.0147927628861761,0.0087457039277636,0.0048946284646368,0.0354428609393514,0.0394605341638517,0.193025037085327,0.0032733693385905,0.0069392175372682,200,300,0.0577622650466621,0.1,0.3,0.8,0.8,0.64,0.868571428571429,0.8,0.170463136776407,0.56220242569845,0.0512562321203144,0.0758961212048063,161
n_total,0.67,0.67,0.585,0.57,0.575,0.565,0.665,0.23,0.335,-0.0019817478508521,0.0068672826248305,0.0006337658672264,0.0233754353413613,-0.0056674465351629,0.138634441372771,0.000405938142241,-0.0033781535558072,200,500,0.0577622650466621,0.1,0.3,0.8,0.8,0.64,0.868571428571429,0.8,0.170463136776407,0.56220242569845,0.0512562321203144,0.0758961212048063,485
n_total,0.9,0.9,0.86,0.875,0.825,0.85,0.9,0.325,0.545,-0.0026518973843881,0.0030934685606202,-0.0155480690896246,0.0115659253209834,-0.0371518002378524,0.068553276731693,-0.00415382997357,-0.0031395358115004,200,1000,0.0577622650466621,0.1,0.3,0.8,0.8,0.64,0.868571428571429,0.8,0.170463136776407,0.56220242569845,0.0512562321203144,0.0758961212048063,809
n_total,0.985,0.985,0.965,0.98,0.96,0.975,0.985,0.475,0.74,-0.0048783488594489,0.0017456451429884,-0.0063802985885635,0.0057172880203779,-0.0280705563004822,0.0381081191838911,-0.0019770276543664,-0.0047648052229463,200,1500,0.0577622650466621,0.1,0.3,0.8,0.8,0.64,0.868571428571429,0.8,0.170463136776407,0.56220242569845,0.0512562321203144,0.0758961212048063,1133
