"scenario_id","n_total","lambda0","cens_prop","prev","replications","mean_censor_frac","mean_censor_frac_arm0","mean_censor_frac_arm1","logrank_p_reject","logrank_p_reject_mcse","wlr_fh00_p_reject","wlr_fh00_p_reject_mcse","wlr_fh01_p_reject","wlr_fh01_p_reject_mcse","wlr_fh11_p_reject","wlr_fh11_p_reject_mcse","wlr_fh10_p_reject","wlr_fh10_p_reject_mcse","maxcombo_p_reject","maxcombo_p_reject_mcse","cox_p_reject","cox_p_reject_mcse","rmst12_p_reject","rmst12_p_reject_mcse"
1,300,0.0577622650466621,0.1,0.3,5000,0.100158666666667,0.0998751069143557,0.100422614034631,0.0492,0.00305873699425106,0.0492,0.00305873699425106,0.0514,0.00312275647465504,0.0462,0.00296868859936505,0.055,0.0032241277890307,0.0294,0.00238895960618843,0.049,0.00305283474822991,0.055,0.0032241277890307
2,500,0.0577622650466621,0.1,0.3,5000,0.0999032,0.0998617900831233,0.0999272682121432,0.0542,0.00320194815698193,0.0542,0.00320194815698193,0.0548,0.00321860093829602,0.0568,0.00327333957908433,0.0518,0.0031342227106573,0.0382,0.0027107474983849,0.0538,0.00319078548323136,0.0506,0.00309966578843591
3,500,0.0577622650466621,0.3,0.3,5000,0.2999548,0.300147779421217,0.299736205354155,0.0516,0.00312849612433834,0.0516,0.00312849612433834,0.0514,0.00312275647465504,0.0546,0.00321306209090332,0.053,0.00316831185333767,0.033,0.00252630164469724,0.051,0.00311123769583746,0.0552,0.0032296427046966
4,500,0.0192540883488874,0.1,0.3,5000,0.099824,0.0999288212258574,0.0997420480351239,0.0492,0.00305873699425106,0.0492,0.00305873699425106,0.0512,0.0031170036894428,0.0526,0.00315699984162179,0.0528,0.00316266216975509,0.0298,0.00240466047499434,0.0488,0.00304691844328003,0.0524,0.00315132480077824
5,1500,0.0577622650466621,0.1,0.3,5000,0.0999292,0.100051578887485,0.0998049238221742,0.0558,0.00324611644892786,0.0558,0.00324611644892786,0.0546,0.00321306209090332,0.0544,0.0032075111847038,0.0524,0.00315132480077824,0.0344,0.00257746542168852,0.0554,0.00323514574633045,0.054,0.00319637294444813
6,500,0.115524530093324,0.1,0.5,5000,0.100052,0.100199909301903,0.099867370065331,0.051,0.00311123769583746,0.051,0.00311123769583746,0.051,0.00311123769583746,0.0504,0.00309385972532693,0.0484,0.00303504332753257,0.0292,0.00238106530779817,0.0508,0.00310545842026584,0.05,0.00308220700148449
