"scenario_id","n_total","lambda0","cens_prop","prev","replications","mean_censor_frac","mean_censor_frac_arm0","mean_censor_frac_arm1","logrank_p_reject","logrank_p_reject_mcse","wlr_fh00_p_reject","wlr_fh00_p_reject_mcse","wlr_fh01_p_reject","wlr_fh01_p_reject_mcse","wlr_fh11_p_reject","wlr_fh11_p_reject_mcse","wlr_fh10_p_reject","wlr_fh10_p_reject_mcse","maxcombo_p_reject","maxcombo_p_reject_mcse","maxcombo_bonf_p_reject","maxcombo_bonf_p_reject_mcse","cox_p_reject","cox_p_reject_mcse","rmst12_p_reject","rmst12_p_reject_mcse"
1,300,0.0577622650466621,0.1,0.3,2000,0.100193333333333,0.10053600154375,0.0998438742938417,0.042,0.00448530935387962,0.042,0.00448530935387962,0.0475,0.00475624589355933,0.038,0.00427527776875374,0.0505,0.00489641450451246,0.0415,0.00445969449626317,0.021,0.00320616593457045,0.042,0.00448530935387962,0.0535,0.00503178646208283
2,500,0.0577622650466621,0.1,0.3,2000,0.099454,0.0990319339097905,0.0998783411348091,0.0575,0.00520546587732549,0.0575,0.00520546587732549,0.06,0.0053103672189407,0.058,0.00522666241496426,0.0495,0.0048502448391808,0.0585,0.0052477495176504,0.0385,0.00430219420761081,0.0565,0.00516273909857936,0.048,0.00477995815881269
3,500,0.0577622650466621,0.3,0.3,2000,0.299755,0.300138746011783,0.299364701059162,0.05,0.00487339717240448,0.05,0.00487339717240448,0.0485,0.00480352734977121,0.053,0.0050095408971282,0.049,0.00482695556225661,0.0505,0.00489641450451246,0.0305,0.00384511053157123,0.05,0.00487339717240448,0.054,0.00505390937789747
4,500,0.0192540883488874,0.1,0.3,2000,0.099911,0.0997420928331456,0.100091189143864,0.053,0.0050095408971282,0.053,0.0050095408971282,0.052,0.00496467521596328,0.0505,0.00489641450451246,0.0505,0.00489641450451246,0.054,0.00505390937789747,0.029,0.00375226598204338,0.052,0.00496467521596328,0.048,0.00477995815881269
5,1500,0.0577622650466621,0.1,0.3,2000,0.100032333333333,0.100308173297026,0.0997630051340667,0.0605,0.0053310294503032,0.0605,0.0053310294503032,0.0605,0.0053310294503032,0.057,0.00518415856238985,0.053,0.0050095408971282,0.0565,0.00516273909857936,0.0345,0.00408103847078167,0.06,0.0053103672189407,0.054,0.00505390937789747
6,500,0.115524530093324,0.1,0.5,2000,0.100109,0.100480639776785,0.0997479681549525,0.051,0.00491929873051027,0.051,0.00491929873051027,0.056,0.00514120608417908,0.05,0.00487339717240448,0.044,0.00458606585212206,0.048,0.00477995815881269,0.025,0.00349106001094224,0.0505,0.00489641450451246,0.0445,0.00461084319837489
